"elapsed.time","valve","treatment","group","date.time.ori","NH3.flux","cum.treat","end.time","time.diff"
0,7,"5.7","High acid","18-09-24 11:56:36",-0.162481190350941,0,"18-09-24 14:28:32",2.5321105555031
3,7,"5.7","High acid","18-09-24 14:28:32",0.00823398254548901,-13.8822487024907,"18-09-24 17:00:26",2.53186777783765
5,7,"5.7","High acid","18-09-24 17:00:26",0.00218523034306314,-13.2570959291775,"18-09-24 19:32:22",2.53202027777831
8,7,"5.7","High acid","18-09-24 19:32:22",-0.038417702523603,-16.5180184254261,"18-09-24 22:04:16",2.53170611109999
10,7,"5.7","High acid","18-09-24 22:04:16",-0.0951271180856768,-24.5307076619829,"19-09-24 00:36:12",2.53226111114025
13,7,"5.7","High acid","19-09-24 00:36:12",-0.043928903378705,-37.0457495937773,"19-09-24 03:08:07",2.53212916665607
15,7,"5.7","High acid","19-09-24 03:08:07",-0.0338183346946154,-41.7105838781765,"19-09-24 05:40:03",2.53196861108144
18,7,"5.7","High acid","19-09-24 05:40:03",-0.0343945404129541,-47.8497426378578,"19-09-24 08:11:57",2.53189027779632
20,7,"5.7","High acid","19-09-24 08:11:57",-0.0569956280382634,-53.3331527449308,"19-09-24 10:43:54",2.53231166667408
23,7,"5.7","High acid","19-09-24 10:43:54",0.00704746507782769,-57.82848741137,"19-09-24 13:15:51",2.53244638886717
25,7,"5.7","High acid","19-09-24 13:15:51",-0.0561674770834132,-60.7756881317052,"19-09-24 15:47:48",2.53269277777937
28,7,"5.7","High acid","19-09-24 15:47:48",0.023733303232418,-63.6947637782947,"19-09-24 18:19:43",2.53200888892015
30,7,"5.7","High acid","19-09-24 18:19:43",-0.0295403995237341,-64.0431895557737,"19-09-24 20:51:39",2.53201972219679
33,7,"5.7","High acid","19-09-24 20:51:39",-0.0407357363000039,-70.3680417799101,"19-09-24 23:23:34",2.53198388887776
35,7,"5.7","High acid","19-09-24 23:23:34",-0.0390962710648555,-75.1579622218017,"20-09-24 01:55:28",2.53175861113601
38,7,"5.7","High acid","20-09-24 01:55:28",-0.0448755431564416,-82.7154255017184,"20-09-24 04:27:24",2.53216638882955
41,7,"5.7","High acid","20-09-24 04:27:24",-0.0400730921323354,-90.3608026777084,"20-09-24 06:59:20",2.53209083338579
43,7,"5.7","High acid","20-09-24 06:59:20",-0.0467161026144173,-95.5681543625135,"20-09-24 09:31:15",2.53204777777195
46,7,"5.7","High acid","20-09-24 09:31:15",-0.0540046520211297,-104.633022279713,"20-09-24 12:03:10",2.53204472223918
48,7,"5.7","High acid","20-09-24 12:03:10",0.018068130531066,-106.789213569117,"20-09-24 14:35:07",2.53233944442537
51,7,"5.7","High acid","20-09-24 14:35:07",0.0022208846603007,-104.963202201894,"20-09-24 17:07:03",2.53243611110581
53,7,"5.7","High acid","20-09-24 17:07:03",-0.00886755627772953,-105.362002498939,"20-09-24 19:38:58",2.53195250001219
56,7,"5.7","High acid","20-09-24 19:38:58",-0.045883702673702,-110.289615804568,"20-09-24 22:10:54",2.53204777777195
58,7,"5.7","High acid","20-09-24 22:10:54",-0.0411518684662727,-115.511750072967,"21-09-24 00:42:49",2.53207027779685
61,7,"5.7","High acid","21-09-24 00:42:49",-0.0426200707218439,-123.051224599897,"21-09-24 03:14:45",2.53201472216182
63,7,"5.7","High acid","21-09-24 03:14:45",-0.0432092323511756,-128.200982784278,"21-09-24 05:46:40",2.53205805559953
66,7,"5.7","High acid","21-09-24 05:46:40",-0.0456296655150114,-136.196483592235,"21-09-24 08:18:35",2.53205500000053
68,7,"5.7","High acid","21-09-24 08:18:35",-0.0643797567531043,-142.797048928322,"21-09-24 10:50:30",2.53195805556244
71,7,"5.7","High acid","21-09-24 10:50:30",-0.00327705953212889,-148.886162393993,"21-09-24 13:22:26",2.53198555555609
73,7,"5.7","High acid","21-09-24 13:22:26",-0.0176546405967761,-150.142064401727,"21-09-24 15:54:22",2.53232611113124
76,7,"5.7","High acid","21-09-24 15:54:22",0.0256168960749256,-149.425461408694,"21-09-24 18:26:18",2.53215027776029
78,7,"5.7","High acid","21-09-24 18:26:18",-0.0484819646268776,-150.797365521811,"21-09-24 20:58:12",2.53168861111005
81,7,"5.7","High acid","21-09-24 20:58:12",-0.038725501060476,-158.646037433673,"21-09-24 23:30:07",2.53210416667991
84,7,"5.7","High acid","21-09-24 23:30:07",-0.0485799693917966,-166.503529774377,"22-09-24 02:02:02",2.53197555555238
86,7,"5.7","High acid","22-09-24 02:02:02",-0.0380248906854557,-171.699821379012,"22-09-24 04:33:58",2.53204055554337
89,7,"5.7","High acid","22-09-24 04:33:58",-0.0419022699882336,-178.893265839645,"22-09-24 07:05:53",2.5319499999947
91,7,"5.7","High acid","22-09-24 07:05:53",-0.0638563049606494,-185.238780336578,"22-09-24 09:37:49",2.53216722216871
94,7,"5.7","High acid","22-09-24 09:37:49",0.0686017172944049,-184.81169322654,"22-09-24 12:09:43",2.53180583337943
96,7,"5.7","High acid","22-09-24 12:09:43",0.0278635610691465,-179.023776524726,"22-09-24 14:41:39",2.53211888889472
99,7,"5.7","High acid","22-09-24 14:41:39",0.0151078162055439,-175.156352570004,"22-09-24 17:13:34",2.53209999998411
101,7,"5.7","High acid","22-09-24 17:13:34",-0.0168272314405579,-175.259517484105,"22-09-24 19:45:29",2.53196861108144
104,7,"5.7","High acid","22-09-24 19:45:29",-0.0355101970099894,-179.969886044654,"22-09-24 22:17:23",2.53169527782334
106,7,"5.7","High acid","22-09-24 22:17:23",-0.057151140539426,-185.529566297619,"23-09-24 00:49:20",2.53234000000689
109,7,"5.7","High acid","23-09-24 00:49:20",-0.0420432622398923,-194.457062547758,"23-09-24 03:21:14",2.53177055550946
111,7,"5.7","High acid","23-09-24 03:21:14",-0.0406867422239345,-199.420862815588,"23-09-24 05:53:10",2.53206444448895
114,7,"5.7","High acid","23-09-24 05:53:10",-0.0396776674595168,-206.653659687098,"23-09-24 08:25:04",2.53176888889737
116,7,"5.7","High acid","23-09-24 08:25:04",-0.0401618324324571,-211.444029680617,"23-09-24 10:57:00",2.53213944441742
119,7,"5.7","High acid","23-09-24 10:57:00",-0.00500403247619511,-215.508957522395,"18-09-24 12:04:35",-118.873436944418
0,13,"5.7","High acid","18-09-24 12:44:35",-0.0820370970044185,0,"18-09-24 15:16:29",2.53189111113548
3,13,"5.7","High acid","18-09-24 15:16:29",0.0919488275601014,0.892055750011461,"18-09-24 17:48:24",2.53186055554284
5,13,"5.7","High acid","18-09-24 17:48:24",0.0684484745791103,10.5158938783642,"18-09-24 20:20:20",2.5320988888873
8,13,"5.7","High acid","18-09-24 20:20:20",0.0449239702280438,20.719413911008,"18-09-24 22:52:16",2.53221472216977
10,13,"5.7","High acid","18-09-24 22:52:16",-0.0206006741331654,22.1788116767007,"19-09-24 01:24:10",2.53169805559847
13,13,"5.7","High acid","19-09-24 01:24:10",0.0324949739876344,23.249298663603,"19-09-24 03:56:05",2.53207222223282
15,13,"5.7","High acid","19-09-24 03:56:05",0.0381595691940625,27.4885712545048,"19-09-24 06:28:01",2.53210527777672
18,13,"5.7","High acid","19-09-24 06:28:01",0.0497128052743607,35.3970849566629,"19-09-24 08:59:56",2.53185388889578
20,13,"5.7","High acid","19-09-24 08:59:56",0.163929751738212,48.2156383774172,"19-09-24 11:31:52",2.53225138889419
23,13,"5.7","High acid","19-09-24 11:31:52",0.227713586740803,83.4635388405285,"19-09-24 14:03:50",2.53285361104541
25,13,"5.7","High acid","19-09-24 14:03:50",0.264547047965418,112.999176922902,"19-09-24 16:35:46",2.53234555562337
28,13,"5.7","High acid","19-09-24 16:35:46",0.181108800770591,153.108203309143,"19-09-24 19:07:41",2.53182027777036
30,13,"5.7","High acid","19-09-24 19:07:41",0.0725412386676427,168.327205675437,"19-09-24 21:39:37",2.53231083333492
33,13,"5.7","High acid","19-09-24 21:39:37",0.0593123353937926,180.194027340966,"20-09-24 00:11:32",2.53177444444762
35,13,"5.7","High acid","20-09-24 00:11:32",0.0516672689700924,186.852803602799,"20-09-24 02:43:27",2.53216583331426
38,13,"5.7","High acid","20-09-24 02:43:27",0.0470119291074465,195.733931429777,"20-09-24 05:15:22",2.5319002777338
41,13,"5.7","High acid","20-09-24 05:15:22",0.0623071749995547,205.572650799408,"20-09-24 07:47:17",2.53189527783129
43,13,"5.7","High acid","20-09-24 07:47:17",0.0788979849825036,214.044960398331,"20-09-24 10:19:14",2.53241777777672
46,13,"5.7","High acid","20-09-24 10:19:14",0.0997490402535114,230.123192669572,"20-09-24 12:51:10",2.5321922222111
48,13,"5.7","High acid","20-09-24 12:51:10",0.196723641129853,247.911553552574,"20-09-24 15:23:07",2.53249611112807
51,13,"5.7","High acid","20-09-24 15:23:07",0.189567972890659,282.67779881442,"20-09-24 17:55:02",2.53214916666349
53,13,"5.7","High acid","20-09-24 17:55:02",0.108040700825867,300.534319237412,"20-09-24 20:26:58",2.53216749999258
56,13,"5.7","High acid","20-09-24 20:26:58",0.0679282798227027,316.371527495783,"20-09-24 22:58:52",2.53167499999205
58,13,"5.7","High acid","20-09-24 22:58:52",0.0670915978311311,324.472720155013,"21-09-24 01:30:48",2.53216444445981
61,13,"5.7","High acid","21-09-24 01:30:48",0.0648483589523406,336.347316265526,"21-09-24 04:02:43",2.53186416665713
63,13,"5.7","High acid","21-09-24 04:02:43",0.0603941061659546,343.861864172623,"21-09-24 06:34:39",2.53232416669528
66,13,"5.7","High acid","21-09-24 06:34:39",0.0570899482886705,354.43542907354,"21-09-24 09:06:33",2.53170277774334
68,13,"5.7","High acid","21-09-24 09:06:33",0.0948252009490555,363.550338027803,"21-09-24 11:38:29",2.53222194446458
71,13,"5.7","High acid","21-09-24 11:38:29",0.211074685107533,391.081327772896,"21-09-24 14:10:24",2.53192444443703
73,13,"5.7","High acid","21-09-24 14:10:24",0.245039129516676,418.448156650349,"21-09-24 16:42:21",2.53233277777831
76,13,"5.7","High acid","21-09-24 16:42:21",0.153750727160477,454.339243751293,"21-09-24 19:14:15",2.53180249995655
78,13,"5.7","High acid","21-09-24 19:14:15",0.0585113500370023,467.074968383141,"21-09-24 21:46:11",2.53210444450378
81,13,"5.7","High acid","21-09-24 21:46:11",0.0586215775921132,477.616931869762,"22-09-24 00:18:06",2.53196555554867
84,13,"5.7","High acid","22-09-24 00:18:06",0.0423183357640274,486.701524071814,"22-09-24 02:50:01",2.53205166664388
86,13,"5.7","High acid","22-09-24 02:50:01",0.0547380626490534,492.524907976599,"22-09-24 05:21:56",2.53201638890637
89,13,"5.7","High acid","22-09-24 05:21:56",0.0412501668417362,501.16384863077,"22-09-24 07:53:51",2.53187750001748
91,13,"5.7","High acid","22-09-24 07:53:51",0.0646526891159589,507.518019988232,"22-09-24 10:25:46",2.53186999996503
94,13,"5.7","High acid","22-09-24 10:25:46",0.167623829728954,528.422906684274,"22-09-24 12:57:42",2.53227861113018
96,13,"5.7","High acid","22-09-24 12:57:42",0.208880585102316,551.01317157415,"22-09-24 15:29:38",2.53212694446246
99,13,"5.7","High acid","22-09-24 15:29:38",0.17059520407199,585.165992599838,"22-09-24 18:01:33",2.53190249999364
101,13,"5.7","High acid","22-09-24 18:01:33",0.0854092803522727,600.526261665294,"22-09-24 20:33:26",2.53157666663329
104,13,"5.7","High acid","22-09-24 20:33:26",0.0589135358406253,613.515315122655,"22-09-24 23:05:22",2.5322986111376
106,13,"5.7","High acid","22-09-24 23:05:22",0.0346022125617407,619.126260026797,"23-09-24 01:37:18",2.53205611109734
109,13,"5.7","High acid","23-09-24 01:37:18",0.0424164106031157,626.057936111634,"23-09-24 04:09:13",2.53200194444921
111,13,"5.7","High acid","23-09-24 04:09:13",0.0367506895584146,630.807962121325,"23-09-24 06:41:08",2.53204027778572
114,13,"5.7","High acid","23-09-24 06:41:08",0.0595614080448061,639.476050905615,"23-09-24 09:13:03",2.53179194443756
116,13,"5.7","High acid","23-09-24 09:13:03",0.0796693090133482,647.829893929105,"23-09-24 11:44:58",2.5321136111021
119,13,"5.7","High acid","23-09-24 11:44:58",0.124641695141668,666.217884303056,"18-09-24 12:52:34",-118.873600555592
0,19,"5.7","High acid","18-09-24 13:32:32",-0.164079311334138,0,"18-09-24 16:04:28",2.53209805554814
3,19,"5.7","High acid","18-09-24 16:04:28",0.00405926692330252,-14.4018039969752,"18-09-24 18:36:23",2.53195250001219
5,19,"5.7","High acid","18-09-24 18:36:23",0.010136961995131,-13.5500302618691,"18-09-24 21:08:18",2.53207138889366
8,19,"5.7","High acid","18-09-24 21:08:18",0.023429990630472,-10.5290045255649,"18-09-24 23:40:14",2.53198583331373
10,19,"5.7","High acid","18-09-24 23:40:14",-0.0373142262856305,-11.3620586648744,"19-09-24 02:12:08",2.53189027779632
13,19,"5.7","High acid","19-09-24 02:12:08",0.0261583972837771,-12.3660832750412,"19-09-24 04:44:04",2.53209916664494
15,19,"5.7","High acid","19-09-24 04:44:04",0.0309100936126037,-8.94197382125833,"19-09-24 07:16:00",2.53209666669369
18,19,"5.7","High acid","19-09-24 07:16:00",0.0562607790386127,-1.09659528264886,"19-09-24 09:47:55",2.53199999994702
20,19,"5.7","High acid","19-09-24 09:47:55",0.197694422342346,14.1407168002086,"19-09-24 12:19:52",2.53259611116515
23,19,"5.7","High acid","19-09-24 12:19:52",0.223316622558854,52.0317108413166,"19-09-24 14:51:49",2.53249277777142
25,19,"5.7","High acid","19-09-24 14:51:49",0.166198700657006,75.4026302342681,"19-09-24 17:23:46",2.53238138887617
28,19,"5.7","High acid","19-09-24 17:23:46",0.0763543967157765,97.2324089978186,"19-09-24 19:55:40",2.53188944445716
30,19,"5.7","High acid","19-09-24 19:55:40",0.0487130308476001,104.736454651621,"19-09-24 22:27:36",2.53197111109893
33,19,"5.7","High acid","19-09-24 22:27:36",0.048644880004032,113.498666628268,"20-09-24 00:59:31",2.53201277779208
35,19,"5.7","High acid","20-09-24 00:59:31",0.0497481936368671,119.402251046722,"20-09-24 03:31:26",2.53199916667408
38,19,"5.7","High acid","20-09-24 03:31:26",0.05123083104936,128.490363268482,"20-09-24 06:03:21",2.53187249998252
41,19,"5.7","High acid","20-09-24 06:03:21",0.0642769755771891,138.886065864872,"20-09-24 08:35:17",2.53223777777619
43,19,"5.7","High acid","20-09-24 08:35:17",0.0852319845430168,147.856603472084,"20-09-24 11:07:12",2.5319636111127
46,19,"5.7","High acid","20-09-24 11:07:12",0.110648659798867,165.485861462854,"20-09-24 13:39:08",2.53219138887193
48,19,"5.7","High acid","20-09-24 13:39:08",0.239647814136014,186.503649898947,"20-09-24 16:11:05",2.53263694445292
51,19,"5.7","High acid","20-09-24 16:11:05",0.130607128126275,219.826594702553,"20-09-24 18:43:01",2.53210333334075
53,19,"5.7","High acid","20-09-24 18:43:01",0.0480091935674605,230.543574004177,"20-09-24 21:14:56",2.53209861112965
56,19,"5.7","High acid","20-09-24 21:14:56",0.0652991236067464,240.741322549855,"20-09-24 23:46:51",2.5319380554888
58,19,"5.7","High acid","20-09-24 23:46:51",0.0574725418500467,248.107622477263,"21-09-24 02:18:47",2.53206361114979
61,19,"5.7","High acid","21-09-24 02:18:47",0.0583423773991752,258.530965209693,"21-09-24 04:50:41",2.53173388885127
63,19,"5.7","High acid","21-09-24 04:50:41",0.0522673019522962,265.167545970781,"21-09-24 07:22:37",2.5320872222715
66,19,"5.7","High acid","21-09-24 07:22:37",0.0690506936198851,276.086165572277,"21-09-24 09:54:31",2.53189583334658
68,19,"5.7","High acid","21-09-24 09:54:31",0.173087641216373,290.614465662453,"21-09-24 12:26:26",2.53198749999205
71,19,"5.7","High acid","21-09-24 12:26:26",0.226882890766597,326.61181354092,"21-09-24 14:58:23",2.53232305553224
73,19,"5.7","High acid","21-09-24 14:58:23",0.164612334190238,350.10152703833,"21-09-24 17:30:19",2.53238277779685
76,19,"5.7","High acid","21-09-24 17:30:19",0.0739591230995393,371.57295819441,"21-09-24 20:02:14",2.53191944446829
78,19,"5.7","High acid","21-09-24 20:02:14",0.0377996832787923,378.27848657711,"21-09-24 22:34:09",2.53182805551423
81,19,"5.7","High acid","21-09-24 22:34:09",0.0470782717585725,385.917502530473,"22-09-24 01:06:05",2.53222583333651
84,19,"5.7","High acid","22-09-24 01:06:05",0.0367948989803277,393.466087896974,"22-09-24 03:38:00",2.53187750001748
86,19,"5.7","High acid","22-09-24 03:38:00",0.052128513517172,398.801492646824,"22-09-24 06:09:54",2.53173444443279
89,19,"5.7","High acid","22-09-24 06:09:54",0.036357530351495,406.765236595004,"22-09-24 08:41:50",2.53228583329254
91,19,"5.7","High acid","22-09-24 08:41:50",0.151391166301548,418.030158394187,"22-09-24 11:13:45",2.53184694449107
94,19,"5.7","High acid","22-09-24 11:13:45",0.150346293423405,445.186529769433,"22-09-24 13:45:41",2.53226333333386
96,19,"5.7","High acid","22-09-24 13:45:41",0.205815338836589,466.556227705032,"22-09-24 16:17:36",2.53187944445345
99,19,"5.7","High acid","22-09-24 16:17:36",0.119356343111567,495.821679080366,"22-09-24 18:49:30",2.53187416666084
101,19,"5.7","High acid","22-09-24 18:49:30",0.0543588586777305,506.244591187724,"22-09-24 21:21:26",2.53206805553701
104,19,"5.7","High acid","22-09-24 21:21:26",0.0489379269904876,515.541301897864,"22-09-24 23:53:21",2.53200833333863
106,19,"5.7","High acid","22-09-24 23:53:21",0.0318018297134393,520.385687300099,"23-09-24 02:25:15",2.53174694445398
109,19,"5.7","High acid","23-09-24 02:25:15",0.0372192367080854,526.597583278037,"23-09-24 04:57:12",2.53228944447305
111,19,"5.7","High acid","23-09-24 04:57:12",0.0380887239543996,531.116060917786,"23-09-24 07:29:06",2.53188166664706
114,19,"5.7","High acid","23-09-24 07:29:06",0.0710233361356529,540.936146325891,"23-09-24 10:01:02",2.53195999999841
116,19,"5.7","High acid","23-09-24 10:01:02",0.095328706121698,550.917268861332,"23-09-24 12:32:57",2.53211805555556
119,19,"5.7","High acid","23-09-24 12:32:57",0.130872125062835,571.27534366794,"23-09-24 15:04:45",NA
